hostname,type,subtype,latest measurement,frequency_power_hepscore
default-DESYT3,DESYT3,0,2024-01-01T00:00:00,2700_530.1_1450,2500_530.1_1450,2300_330_1102,2100_332.4_1100,1900_333.3_1102,1700_330.7_1102
default-DESYT4,DESYT4,0,2024-01-01T00:00:00,2400_224.14_392.74,2200_212.15_363.84,2000_201.3_333.06,1800_190.34_297.68,1600_179.26_271.44,1400_169.33_239.32,1200_160.9_206.97
default-DESYT11,DESYT11,0,2024-01-01T00:00:00,2000_739.18_2587.39,1800_687.38_2343.3,1600_666.87_2132.99,1400_598.68_1833.76,1200_548.73_1624.6,1000_509.22_1378.12,800_490.61_1115.09
default-DESYT13,DESYT13,0,2024-01-01T00:00:00,2850_566.94_1617,2700_567.3_1607.11,2500_567.73_1618.62,2300_569.78_1599.07,2100_326.06_993.06,1900_325.39_1012.81,1700_326.39_1005.73,1500_277.43_724.8
default-DESYT16,DESYT16,0,2024-01-01T00:00:00,2300_526_1061.09,2200_523.82_1029.79,2000_522.14_1022.08,1800_378.41_718.39,1600_377.92_712.1,1400_378.38_722.23,1200_308.38_481.97
default-DESYT17,DESYT17,0,2024-01-01T00:00:00,2600_268.36_319.09,2400_249.67_296.82,2200_234.68_274.31,2000_223.23_250.4,1800_212.02_227.82,1600_199.62_204.7,1400_192.03_179.94,1200_184.37_155.34
default-DESYT26,DESYT26,0,2024-01-01T00:00:00,3200_658_1704.54,3100_655.8_1614.25,2900_654.74_1606.07,2700_656.35_1604.79,2500_652.88_1610.74,2300_405.32_1049.96,2100_402.85_1044.47,1900_402.91_1050.89,1700_403.93_1049.78,1500_333.35_689.87
default-DESYT31,DESYT31,0,2024-01-01T00:00:00,3200_648_1602.6,3100_637.24_1536.16,2900_469.84_1388.77,2700_470.6_1389.34,2500_368.51_1163.13
default-DESYT382,DESYT382,0,2024-01-01T00:00:00,2500_289_335,2400_225.08_251.55,2200_224.75_250.83,2000_224.71_251.84,1800_226.53_250.59,1600_224.79_250.59,1400_225.15_251.69,1200_225.33_251.63
